Meter ID,Service Address,Occupant Name,Account Number,Meter Size,Install Date,Manufacturer,Model,Serial,Meter Type,Route,Notes
M-1001,"107 County Rd 10, Wiley, CO 81092",Resident 1001,A-20001,"1""",2012-04-16,Sensus,Model-504,SN100013,positive displacement,R2,
M-1002,"114 County Rd 14, Wiley, CO 81092",Resident 1002,A-20002,"1.5""",2018-12-02,Neptune,Model-631,SN100026,positive displacement,R3,
M-1003,"121 Highway 287, Wiley, CO 81092",Resident 1003,A-20003,"5/8""",2023-02-24,Master Meter,Model-231,SN100039,positive displacement,R4,
M-1004,"128 Maple Ave, Wiley, CO 81092",Resident 1004,A-20004,"5/8""",2018-01-07,Badger,Model-156,SN100052,positive displacement,R5,
M-1005,"135 Oak St, Wiley, CO 81092",Resident 1005,A-20005,"3/4""",2020-06-13,Sensus,Model-507,SN100065,positive displacement,R6,
M-1006,"142 Elm St, Wiley, CO 81092",Resident 1006,A-20006,"5/8""",2021-01-13,Neptune,Model-257,SN100078,positive displacement,R1,
M-1007,"149 3rd Ave, Wiley, CO 81092",Resident 1007,A-20007,"1.5""",2022-02-11,Master Meter,Model-863,SN100091,positive displacement,R2,
M-1008,"156 5th St, Wiley, CO 81092",Resident 1008,A-20008,"5/8""",2015-03-25,Badger,Model-323,SN100104,positive displacement,R3,
M-1009,"163 Ranch Rd, Wiley, CO 81092",Resident 1009,A-20009,"1""",2016-06-02,Sensus,Model-540,SN100117,positive displacement,R4,
M-1010,"170 Irrigation Ln, Wiley, CO 81092",Resident 1010,A-20010,"3/4""",2020-07-19,Neptune,Model-211,SN100130,positive displacement,R5,
M-1011,"177 North Frontage, Wiley, CO 81092",Resident 1011,A-20011,"1.5""",2019-07-25,Master Meter,Model-674,SN100143,positive displacement,R6,
M-1012,"184 South Loop, Wiley, CO 81092",Resident 1012,A-20012,"3/4""",2022-10-07,Badger,Model-637,SN100156,positive displacement,R1,
M-1013,"191 Pioneer Rd, Wiley, CO 81092",Resident 1013,A-20013,"1""",2016-12-02,Sensus,Model-218,SN100169,positive displacement,R2,
M-1014,"198 Cottonwood Dr, Wiley, CO 81092",Resident 1014,A-20014,"1""",2015-09-01,Neptune,Model-640,SN100182,positive displacement,R3,
M-1015,"205 Sand Creek Rd, Wiley, CO 81092",Resident 1015,A-20015,"3/4""",2019-06-10,Master Meter,Model-343,SN100195,positive displacement,R4,
M-1016,"212 Prairie View, Wiley, CO 81092",Resident 1016,A-20016,"3/4""",2019-07-02,Badger,Model-317,SN100208,positive displacement,R5,
M-1017,"219 School House Rd, Wiley, CO 81092",Resident 1017,A-20017,"1""",2015-10-24,Sensus,Model-227,SN100221,positive displacement,R6,
M-1018,"226 Cemetery Rd, Wiley, CO 81092",Resident 1018,A-20018,"5/8""",2012-11-12,Neptune,Model-562,SN100234,positive displacement,R1,
M-1019,"233 Grain Elevator Rd, Wiley, CO 81092",Resident 1019,A-20019,"5/8""",2023-10-27,Master Meter,Model-148,SN100247,positive displacement,R2,
M-1020,"240 Main St, Wiley, CO 81092",Resident 1020,A-20020,"1""",2020-10-19,Badger,Model-824,SN100260,positive displacement,R3,
M-1021,"247 County Rd 10, Wiley, CO 81092",Resident 1021,A-20021,"1""",2013-05-19,Sensus,Model-286,SN100273,positive displacement,R4,
M-1022,"254 County Rd 14, Wiley, CO 81092",Resident 1022,A-20022,"1.5""",2012-05-19,Neptune,Model-269,SN100286,positive displacement,R5,
M-1023,"261 Highway 287, Wiley, CO 81092",Resident 1023,A-20023,"1.5""",2018-10-19,Master Meter,Model-484,SN100299,positive displacement,R6,
M-1024,"268 Maple Ave, Wiley, CO 81092",Resident 1024,A-20024,"1""",2022-09-21,Badger,Model-719,SN100312,positive displacement,R1,
M-1025,"275 Oak St, Wiley, CO 81092",Resident 1025,A-20025,"1.5""",2021-02-17,Sensus,Model-402,SN100325,positive displacement,R2,
M-1026,"282 Elm St, Wiley, CO 81092",Resident 1026,A-20026,"1""",2014-10-13,Neptune,Model-752,SN100338,positive displacement,R3,
M-1027,"289 3rd Ave, Wiley, CO 81092",Resident 1027,A-20027,"3/4""",2021-03-11,Master Meter,Model-678,SN100351,positive displacement,R4,
M-1028,"296 5th St, Wiley, CO 81092",Resident 1028,A-20028,"1""",2013-01-25,Badger,Model-612,SN100364,positive displacement,R5,
M-1029,"303 Ranch Rd, Wiley, CO 81092",Resident 1029,A-20029,"3/4""",2016-03-07,Sensus,Model-210,SN100377,positive displacement,R6,
M-1030,"310 Irrigation Ln, Wiley, CO 81092",Resident 1030,A-20030,"3/4""",2014-05-25,Neptune,Model-244,SN100390,positive displacement,R1,
M-1031,"317 North Frontage, Wiley, CO 81092",Resident 1031,A-20031,"1.5""",2018-10-18,Master Meter,Model-156,SN100403,positive displacement,R2,
M-1032,"324 South Loop, Wiley, CO 81092",Resident 1032,A-20032,"5/8""",2018-09-16,Badger,Model-258,SN100416,positive displacement,R3,
M-1033,"331 Pioneer Rd, Wiley, CO 81092",Resident 1033,A-20033,"5/8""",2018-08-25,Sensus,Model-527,SN100429,positive displacement,R4,Livestock
M-1034,"338 Cottonwood Dr, Wiley, CO 81092",Resident 1034,A-20034,"1.5""",2012-03-24,Neptune,Model-321,SN100442,positive displacement,R5,
M-1035,"345 Sand Creek Rd, Wiley, CO 81092",Resident 1035,A-20035,"3/4""",2016-09-20,Master Meter,Model-325,SN100455,positive displacement,R6,
M-1036,"352 Prairie View, Wiley, CO 81092",Resident 1036,A-20036,"1""",2017-11-08,Badger,Model-632,SN100468,positive displacement,R1,
M-1037,"359 School House Rd, Wiley, CO 81092",Resident 1037,A-20037,"5/8""",2014-05-27,Sensus,Model-103,SN100481,positive displacement,R2,
M-1038,"366 Cemetery Rd, Wiley, CO 81092",Resident 1038,A-20038,"1.5""",2017-11-04,Neptune,Model-245,SN100494,positive displacement,R3,
M-1039,"373 Grain Elevator Rd, Wiley, CO 81092",Resident 1039,A-20039,"1.5""",2023-06-01,Master Meter,Model-662,SN100507,positive displacement,R4,
M-1040,"380 Main St, Wiley, CO 81092",Resident 1040,A-20040,"1.5""",2014-10-25,Badger,Model-467,SN100520,positive displacement,R5,
M-1041,"387 County Rd 10, Wiley, CO 81092",Resident 1041,A-20041,"3/4""",2020-07-22,Sensus,Model-372,SN100533,positive displacement,R6,
M-1042,"394 County Rd 14, Wiley, CO 81092",Resident 1042,A-20042,"1.5""",2013-10-13,Neptune,Model-452,SN100546,positive displacement,R1,
M-1043,"401 Highway 287, Wiley, CO 81092",Resident 1043,A-20043,"5/8""",2018-04-01,Master Meter,Model-675,SN100559,positive displacement,R2,
M-1044,"408 Maple Ave, Wiley, CO 81092",Resident 1044,A-20044,"1.5""",2019-02-22,Badger,Model-802,SN100572,positive displacement,R3,
M-1045,"415 Oak St, Wiley, CO 81092",Resident 1045,A-20045,"3/4""",2014-09-11,Sensus,Model-685,SN100585,positive displacement,R4,
M-1046,"422 Elm St, Wiley, CO 81092",Resident 1046,A-20046,"5/8""",2017-05-27,Neptune,Model-296,SN100598,positive displacement,R5,
M-1047,"429 3rd Ave, Wiley, CO 81092",Resident 1047,A-20047,"1.5""",2016-09-05,Master Meter,Model-346,SN100611,positive displacement,R6,
M-1048,"436 5th St, Wiley, CO 81092",Resident 1048,A-20048,"1""",2021-09-09,Badger,Model-741,SN100624,positive displacement,R1,
M-1049,"443 Ranch Rd, Wiley, CO 81092",Resident 1049,A-20049,"5/8""",2012-03-16,Sensus,Model-870,SN100637,positive displacement,R2,
M-1050,"450 Irrigation Ln, Wiley, CO 81092",Resident 1050,A-20050,"5/8""",2015-01-22,Neptune,Model-626,SN100650,positive displacement,R3,
M-1051,"457 North Frontage, Wiley, CO 81092",Resident 1051,A-20051,"1.5""",2018-07-03,Master Meter,Model-156,SN100663,positive displacement,R4,
M-1052,"464 South Loop, Wiley, CO 81092",Resident 1052,A-20052,"1.5""",2013-09-07,Badger,Model-176,SN100676,positive displacement,R5,
M-1053,"471 Pioneer Rd, Wiley, CO 81092",Resident 1053,A-20053,"3/4""",2013-10-11,Sensus,Model-126,SN100689,positive displacement,R6,
M-1054,"478 Cottonwood Dr, Wiley, CO 81092",Resident 1054,A-20054,"5/8""",2012-07-17,Neptune,Model-157,SN100702,positive displacement,R1,
M-1055,"485 Sand Creek Rd, Wiley, CO 81092",Resident 1055,A-20055,"1""",2021-02-10,Master Meter,Model-744,SN100715,positive displacement,R2,
M-1056,"492 Prairie View, Wiley, CO 81092",Resident 1056,A-20056,"5/8""",2021-12-11,Badger,Model-155,SN100728,positive displacement,R3,
M-1057,"499 School House Rd, Wiley, CO 81092",Resident 1057,A-20057,"1.5""",2019-03-28,Sensus,Model-744,SN100741,positive displacement,R4,
M-1058,"506 Cemetery Rd, Wiley, CO 81092",Resident 1058,A-20058,"3/4""",2020-10-15,Neptune,Model-757,SN100754,positive displacement,R5,
M-1059,"513 Grain Elevator Rd, Wiley, CO 81092",Resident 1059,A-20059,"3/4""",2018-01-24,Master Meter,Model-477,SN100767,positive displacement,R6,
M-1060,"520 Main St, Wiley, CO 81092",Resident 1060,A-20060,"1""",2015-05-01,Badger,Model-607,SN100780,positive displacement,R1,
M-1061,"527 County Rd 10, Wiley, CO 81092",Resident 1061,A-20061,"1.5""",2019-10-10,Sensus,Model-500,SN100793,positive displacement,R2,
M-1062,"534 County Rd 14, Wiley, CO 81092",Resident 1062,A-20062,"5/8""",2014-12-15,Neptune,Model-243,SN100806,positive displacement,R3,
M-1063,"541 Highway 287, Wiley, CO 81092",Resident 1063,A-20063,"1.5""",2023-07-22,Master Meter,Model-233,SN100819,positive displacement,R4,
M-1064,"548 Maple Ave, Wiley, CO 81092",Resident 1064,A-20064,"3/4""",2021-06-01,Badger,Model-668,SN100832,positive displacement,R5,
M-1065,"555 Oak St, Wiley, CO 81092",Resident 1065,A-20065,"1.5""",2013-12-21,Sensus,Model-585,SN100845,positive displacement,R6,
M-1066,"562 Elm St, Wiley, CO 81092",Resident 1066,A-20066,"5/8""",2018-03-19,Neptune,Model-816,SN100858,positive displacement,R1,
M-1067,"569 3rd Ave, Wiley, CO 81092",Resident 1067,A-20067,"5/8""",2021-05-01,Master Meter,Model-506,SN100871,positive displacement,R2,
M-1068,"576 5th St, Wiley, CO 81092",Resident 1068,A-20068,"1""",2020-02-07,Badger,Model-303,SN100884,positive displacement,R3,
M-1069,"583 Ranch Rd, Wiley, CO 81092",Resident 1069,A-20069,"1.5""",2015-04-03,Sensus,Model-235,SN100897,positive displacement,R4,
M-1070,"590 Irrigation Ln, Wiley, CO 81092",Resident 1070,A-20070,"1""",2017-12-06,Neptune,Model-307,SN100910,positive displacement,R5,
M-1071,"597 North Frontage, Wiley, CO 81092",Resident 1071,A-20071,"1.5""",2017-02-15,Master Meter,Model-657,SN100923,positive displacement,R6,
M-1072,"604 South Loop, Wiley, CO 81092",Resident 1072,A-20072,"1.5""",2013-01-07,Badger,Model-268,SN100936,positive displacement,R1,
M-1073,"611 Pioneer Rd, Wiley, CO 81092",Resident 1073,A-20073,"5/8""",2022-02-20,Sensus,Model-267,SN100949,positive displacement,R2,
M-1074,"618 Cottonwood Dr, Wiley, CO 81092",Resident 1074,A-20074,"1.5""",2012-02-08,Neptune,Model-868,SN100962,positive displacement,R3,
M-1075,"625 Sand Creek Rd, Wiley, CO 81092",Resident 1075,A-20075,"3/4""",2018-09-22,Master Meter,Model-425,SN100975,positive displacement,R4,
M-1076,"632 Prairie View, Wiley, CO 81092",New Occupant 1076,A-20076,"1.5""",2014-08-18,Badger,Model-687,SN100988,positive displacement,R5,
M-1077,"639 School House Rd, Wiley, CO 81092",Resident 1077,A-20077,"1.5""",2017-02-07,Sensus,Model-323,SN101001,positive displacement,R6,
M-1078,"646 Cemetery Rd, Wiley, CO 81092",Resident 1078,A-20078,"5/8""",2019-11-18,Neptune,Model-403,SN101014,positive displacement,R1,
M-1079,"653 Grain Elevator Rd, Wiley, CO 81092",Resident 1079,A-20079,"1""",2016-10-02,Master Meter,Model-843,SN101027,positive displacement,R2,
M-1080,"660 Main St, Wiley, CO 81092",Resident 1080,A-20080,"1""",2014-01-05,Badger,Model-505,SN101040,positive displacement,R3,
M-1081,"667 County Rd 10, Wiley, CO 81092",Resident 1081,A-20081,"5/8""",2016-02-14,Sensus,Model-382,SN101053,positive displacement,R4,
M-1082,"674 County Rd 14, Wiley, CO 81092",Resident 1082,A-20082,"5/8""",2016-04-15,Neptune,Model-309,SN101066,positive displacement,R5,
M-1083,"681 Highway 287, Wiley, CO 81092",Resident 1083,A-20083,"1""",2022-02-13,Master Meter,Model-581,SN101079,positive displacement,R6,
M-1084,"688 Maple Ave, Wiley, CO 81092",Resident 1084,A-20084,"5/8""",2020-03-15,Badger,Model-858,SN101092,positive displacement,R1,
M-1085,"695 Oak St, Wiley, CO 81092",Resident 1085,A-20085,"3/4""",2019-03-03,Sensus,Model-114,SN101105,positive displacement,R2,
M-1086,"702 Elm St, Wiley, CO 81092",Resident 1086,A-20086,"5/8""",2014-08-27,Neptune,Model-703,SN101118,positive displacement,R3,
M-1087,"709 3rd Ave, Wiley, CO 81092",Resident 1087,A-20087,"3/4""",2020-02-21,Master Meter,Model-298,SN101131,positive displacement,R4,
M-1088,"716 5th St, Wiley, CO 81092",Resident 1088,A-20088,"1.5""",2016-03-19,Badger,Model-659,SN101144,positive displacement,R5,
M-1089,"723 Ranch Rd, Wiley, CO 81092",Resident 1089,A-20089,"1.5""",2017-12-22,Sensus,Model-721,SN101157,positive displacement,R6,Livestock
M-1090,"730 Irrigation Ln, Wiley, CO 81092",Resident 1090,A-20090,"3/4""",2019-07-28,Neptune,Model-337,SN101170,positive displacement,R1,
M-1091,"737 North Frontage, Wiley, CO 81092",Resident 1091,A-20091,"3/4""",2020-02-28,Master Meter,Model-627,SN101183,positive displacement,R2,
M-1092,"744 South Loop, Wiley, CO 81092",Resident 1092,A-20092,"1""",2014-07-01,Badger,Model-446,SN101196,positive displacement,R3,
M-1093,"751 Pioneer Rd, Wiley, CO 81092",Resident 1093,A-20093,"1.5""",2015-12-01,Sensus,Model-604,SN101209,positive displacement,R4,
M-1094,"758 Cottonwood Dr, Wiley, CO 81092",Resident 1094,A-20094,"1.5""",2023-07-22,Neptune,Model-221,SN101222,positive displacement,R5,
M-1095,"765 Sand Creek Rd, Wiley, CO 81092",Resident 1095,A-20095,"1.5""",2019-12-02,Master Meter,Model-512,SN101235,positive displacement,R6,
M-1096,"772 Prairie View, Wiley, CO 81092",Resident 1096,A-20096,"3/4""",2019-07-17,Badger,Model-898,SN101248,positive displacement,R1,
M-1097,"779 School House Rd, Wiley, CO 81092",Resident 1097,A-20097,"5/8""",2014-06-25,Sensus,Model-102,SN101261,positive displacement,R2,
M-1098,"786 Cemetery Rd, Wiley, CO 81092",Resident 1098,A-20098,"3/4""",2018-02-22,Neptune,Model-275,SN101274,positive displacement,R3,
M-1099,"793 Grain Elevator Rd, Wiley, CO 81092",Resident 1099,A-20099,"3/4""",2014-11-12,Master Meter,Model-435,SN101287,positive displacement,R4,
M-1100,"800 Main St, Wiley, CO 81092",Resident 1100,A-20100,"3/4""",2022-02-13,Badger,Model-795,SN101300,positive displacement,R5,
M-1101,"807 County Rd 10, Wiley, CO 81092",Resident 1101,A-20101,"1""",2022-01-25,Sensus,Model-443,SN101313,positive displacement,R6,
M-1102,"814 County Rd 14, Wiley, CO 81092",Resident 1102,A-20102,"1.5""",2020-02-22,Neptune,Model-371,SN101326,positive displacement,R1,
M-1103,"821 Highway 287, Wiley, CO 81092",Resident 1103,A-20103,"3/4""",2018-12-03,Master Meter,Model-635,SN101339,positive displacement,R2,
M-1104,"828 Maple Ave, Wiley, CO 81092",Resident 1104,A-20104,"3/4""",2022-02-19,Badger,Model-242,SN101352,positive displacement,R3,
M-1105,"835 Oak St, Wiley, CO 81092",Resident 1105,A-20105,"1.5""",2017-08-25,Sensus,Model-708,SN101365,positive displacement,R4,
M-1106,"842 Elm St, Wiley, CO 81092",Resident 1106,A-20106,"1""",2012-04-14,Neptune,Model-738,SN101378,positive displacement,R5,
M-1107,"849 3rd Ave, Wiley, CO 81092",Resident 1107,A-20107,"1""",2021-09-28,Master Meter,Model-116,SN101391,positive displacement,R6,
M-1108,"856 5th St, Wiley, CO 81092",Resident 1108,A-20108,"3/4""",2014-01-28,Badger,Model-438,SN101404,positive displacement,R1,
M-1109,"863 Ranch Rd, Wiley, CO 81092",Resident 1109,A-20109,"3/4""",2012-11-27,Sensus,Model-655,SN101417,positive displacement,R2,
M-1110,"870 Irrigation Ln, Wiley, CO 81092",Resident 1110,A-20110,"1""",2018-09-10,Neptune,Model-763,SN101430,positive displacement,R3,
M-1111,"877 North Frontage, Wiley, CO 81092",Resident 1111,A-20111,"1""",2014-10-11,Master Meter,Model-853,SN101443,positive displacement,R4,
M-1112,"884 South Loop, Wiley, CO 81092",Resident 1112,A-20112,"5/8""",2021-11-03,Badger,Model-390,SN101456,positive displacement,R5,
M-1113,"891 Pioneer Rd, Wiley, CO 81092",Resident 1113,A-20113,"1.5""",2017-11-18,Sensus,Model-619,SN101469,positive displacement,R6,
M-1114,"898 Cottonwood Dr, Wiley, CO 81092",Resident 1114,A-20114,"5/8""",2019-12-21,Neptune,Model-551,SN101482,positive displacement,R1,
M-1115,"905 Sand Creek Rd, Wiley, CO 81092",Resident 1115,A-20115,"1""",2013-03-08,Master Meter,Model-657,SN101495,positive displacement,R2,
M-1116,"912 Prairie View, Wiley, CO 81092",Resident 1116,A-20116,"1.5""",2018-07-16,Badger,Model-300,SN101508,positive displacement,R3,
M-1117,"919 School House Rd, Wiley, CO 81092",Resident 1117,A-20117,"3/4""",2020-01-20,Sensus,Model-562,SN101521,positive displacement,R4,
M-1118,"926 Cemetery Rd, Wiley, CO 81092",Resident 1118,A-20118,"1.5""",2016-02-20,Neptune,Model-165,SN101534,positive displacement,R5,
M-1119,"933 Grain Elevator Rd, Wiley, CO 81092",Resident 1119,A-20119,"1.5""",2023-08-20,Master Meter,Model-644,SN101547,positive displacement,R6,
M-1120,"940 Main St, Wiley, CO 81092",Resident 1120,A-20120,"1.5""",2019-09-05,Badger,Model-738,SN101560,positive displacement,R1,
M-1121,"947 County Rd 10, Wiley, CO 81092",Resident 1121,A-20121,"1.5""",2021-09-16,Sensus,Model-835,SN101573,positive displacement,R2,
M-1122,"954 County Rd 14, Wiley, CO 81092",Resident 1122,A-20122,"3/4""",2014-06-17,Neptune,Model-690,SN101586,positive displacement,R3,
M-1123,"961 Highway 287, Wiley, CO 81092",Resident 1123,A-20123,"1.5""",2015-12-02,Master Meter,Model-758,SN101599,positive displacement,R4,
M-1124,"968 Maple Ave, Wiley, CO 81092",Resident 1124,A-20124,"1""",2020-11-17,Badger,Model-100,SN101612,positive displacement,R5,
M-1125,"975 Oak St, Wiley, CO 81092",Resident 1125,A-20125,"3/4""",2018-11-21,Sensus,Model-343,SN101625,positive displacement,R6,
M-1126,"982 Elm St, Wiley, CO 81092",Resident 1126,A-20126,"5/8""",2017-12-09,Neptune,Model-130,SN101638,positive displacement,R1,
M-1127,"989 3rd Ave, Wiley, CO 81092",Resident 1127,A-20127,"1""",2022-07-13,Master Meter,Model-845,SN101651,positive displacement,R2,
M-1128,"996 5th St, Wiley, CO 81092",Resident 1128,A-20128,"1""",2021-11-15,Badger,Model-682,SN101664,positive displacement,R3,
M-1129,"1003 Ranch Rd, Wiley, CO 81092",Resident 1129,A-20129,"5/8""",2012-11-04,Sensus,Model-271,SN101677,positive displacement,R4,
M-1130,"1010 Irrigation Ln, Wiley, CO 81092",Resident 1130,A-20130,"3/4""",2016-12-11,Neptune,Model-483,SN101690,positive displacement,R5,
M-1131,"1017 North Frontage, Wiley, CO 81092",Resident 1131,A-20131,"1""",2016-03-17,Master Meter,Model-502,SN101703,positive displacement,R6,
M-1132,"1024 South Loop, Wiley, CO 81092",Resident 1132,A-20132,"1.5""",2019-04-05,Badger,Model-461,SN101716,positive displacement,R1,
M-1133,"1031 Pioneer Rd, Wiley, CO 81092",Resident 1133,A-20133,"1""",2021-03-21,Sensus,Model-352,SN101729,positive displacement,R2,
M-1134,"1038 Cottonwood Dr, Wiley, CO 81092",Resident 1134,A-20134,"3/4""",2022-11-18,Neptune,Model-857,SN101742,positive displacement,R3,
M-1135,"1045 Sand Creek Rd, Wiley, CO 81092",Resident 1135,A-20135,"1""",2021-07-27,Master Meter,Model-327,SN101755,positive displacement,R4,
M-1136,"1052 Prairie View, Wiley, CO 81092",Resident 1136,A-20136,"5/8""",2015-06-13,Badger,Model-268,SN101768,positive displacement,R5,
M-1137,"1059 School House Rd, Wiley, CO 81092",Resident 1137,A-20137,"5/8""",2016-11-22,Sensus,Model-435,SN101781,positive displacement,R6,
M-1138,"1066 Cemetery Rd, Wiley, CO 81092",Resident 1138,A-20138,"1""",2014-12-16,Neptune,Model-282,SN101794,positive displacement,R1,
M-1139,"1073 Grain Elevator Rd, Wiley, CO 81092",Resident 1139,A-20139,"1.5""",2017-03-19,Master Meter,Model-275,SN101807,positive displacement,R2,
M-1140,"1080 Main St, Wiley, CO 81092",Resident 1140,A-20140,"3/4""",2018-12-08,Badger,Model-451,SN101820,positive displacement,R3,
M-1141,"1087 County Rd 10, Wiley, CO 81092",Resident 1141,A-20141,"1""",2020-02-08,Sensus,Model-616,SN101833,positive displacement,R4,
M-1142,"1094 County Rd 14, Wiley, CO 81092",Resident 1142,A-20142,"1.5""",2013-06-12,Neptune,Model-126,SN101846,positive displacement,R5,
M-1143,"1101 Highway 287, Wiley, CO 81092",Resident 1143,A-20143,"1.5""",2022-09-09,Master Meter,Model-495,SN101859,positive displacement,R6,
M-1144,"1108 Maple Ave, Wiley, CO 81092",Resident 1144,A-20144,"1""",2020-01-20,Badger,Model-428,SN101872,positive displacement,R1,
M-1145,"1115 Oak St, Wiley, CO 81092",Resident 1145,A-20145,"1""",2019-05-08,Sensus,Model-107,SN101885,positive displacement,R2,
M-1146,"1122 Elm St, Wiley, CO 81092",Resident 1146,A-20146,"1""",2015-11-20,Neptune,Model-222,SN101898,positive displacement,R3,
M-1147,"1129 3rd Ave, Wiley, CO 81092",Resident 1147,A-20147,"5/8""",2022-02-16,Master Meter,Model-713,SN101911,positive displacement,R4,
M-1148,"1136 5th St, Wiley, CO 81092",Resident 1148,A-20148,"3/4""",2019-01-07,Badger,Model-634,SN101924,positive displacement,R5,
M-1149,"1143 Ranch Rd, Wiley, CO 81092",Resident 1149,A-20149,"1""",2023-10-08,Sensus,Model-375,SN101937,positive displacement,R6,
M-1150,"1150 Irrigation Ln, Wiley, CO 81092",Resident 1150,A-20150,"5/8""",2012-06-07,Neptune,Model-503,SN101950,positive displacement,R1,
M-1151,"1157 North Frontage, Wiley, CO 81092",Resident 1151,A-20151,"5/8""",2016-06-10,Master Meter,Model-564,SN101963,positive displacement,R2,
M-1152,"1164 South Loop, Wiley, CO 81092",Resident 1152,A-20152,"1""",2013-06-07,Badger,Model-209,SN101976,positive displacement,R3,
M-1153,"1171 Pioneer Rd, Wiley, CO 81092",Resident 1153,A-20153,"3/4""",2015-06-20,Sensus,Model-319,SN101989,positive displacement,R4,
M-1154,"1178 Cottonwood Dr, Wiley, CO 81092",Resident 1154,A-20154,"1.5""",2018-12-28,Neptune,Model-637,SN102002,positive displacement,R5,
M-1155,"1185 Sand Creek Rd, Wiley, CO 81092",Resident 1155,A-20155,"3/4""",2013-07-15,Master Meter,Model-424,SN102015,positive displacement,R6,
M-1156,"1192 Prairie View, Wiley, CO 81092",Resident 1156,A-20156,"5/8""",2012-10-09,Badger,Model-253,SN102028,positive displacement,R1,Livestock
M-1157,"1199 School House Rd, Wiley, CO 81092",Resident 1157,A-20157,"5/8""",2023-05-25,Sensus,Model-189,SN102041,positive displacement,R2,
M-1158,"1206 Cemetery Rd, Wiley, CO 81092",Resident 1158,A-20158,"1""",2012-03-15,Neptune,Model-492,SN102054,positive displacement,R3,
M-1159,"1213 Grain Elevator Rd, Wiley, CO 81092",Resident 1159,A-20159,"5/8""",2021-12-19,Master Meter,Model-636,SN102067,positive displacement,R4,
M-1160,"1220 Main St, Wiley, CO 81092",Resident 1160,A-20160,"5/8""",2019-10-24,Badger,Model-234,SN102080,positive displacement,R5,
M-1161,"1227 County Rd 10, Wiley, CO 81092",Resident 1161,A-20161,"5/8""",2019-05-12,Sensus,Model-232,SN102093,positive displacement,R6,
M-1162,"1234 County Rd 14, Wiley, CO 81092",Resident 1162,A-20162,"1""",2015-07-06,Neptune,Model-240,SN102106,positive displacement,R1,
M-1163,"1241 Highway 287, Wiley, CO 81092",Resident 1163,A-20163,"1.5""",2017-07-02,Master Meter,Model-432,SN102119,positive displacement,R2,
M-1164,"1248 Maple Ave, Wiley, CO 81092",Resident 1164,A-20164,"1.5""",2021-08-18,Badger,Model-552,SN102132,positive displacement,R3,
M-1165,"1255 Oak St, Wiley, CO 81092",Resident 1165,A-20165,"1""",2016-03-05,Sensus,Model-604,SN102145,positive displacement,R4,
M-1166,"1262 Elm St, Wiley, CO 81092",Resident 1166,A-20166,"1""",2023-09-11,Neptune,Model-858,SN102158,positive displacement,R5,
M-1167,"1269 3rd Ave, Wiley, CO 81092",Resident 1167,A-20167,"1""",2022-09-21,Master Meter,Model-447,SN102171,positive displacement,R6,
M-1168,"1276 5th St, Wiley, CO 81092",Resident 1168,A-20168,"1.5""",2023-06-26,Badger,Model-424,SN102184,positive displacement,R1,
M-1169,"1283 Ranch Rd, Wiley, CO 81092",Resident 1169,A-20169,"1""",2023-03-17,Sensus,Model-231,SN102197,positive displacement,R2,
M-1170,"1290 Irrigation Ln, Wiley, CO 81092",Resident 1170,A-20170,"5/8""",2016-02-26,Neptune,Model-809,SN102210,positive displacement,R3,
M-1171,"1297 North Frontage, Wiley, CO 81092",Resident 1171,A-20171,"1""",2018-01-05,Master Meter,Model-106,SN102223,positive displacement,R4,
M-1172,"1304 South Loop, Wiley, CO 81092",Resident 1172,A-20172,"5/8""",2012-03-26,Badger,Model-414,SN102236,positive displacement,R5,
M-1173,"1311 Pioneer Rd, Wiley, CO 81092",Resident 1173,A-20173,"3/4""",2017-10-21,Sensus,Model-337,SN102249,positive displacement,R6,
M-1174,"1318 Cottonwood Dr, Wiley, CO 81092",Resident 1174,A-20174,"3/4""",2013-03-21,Neptune,Model-218,SN102262,positive displacement,R1,
M-1175,"1325 Sand Creek Rd, Wiley, CO 81092",Resident 1175,A-20175,"1""",2017-02-07,Master Meter,Model-105,SN102275,positive displacement,R2,
M-1176,"1332 Prairie View, Wiley, CO 81092",Resident 1176,A-20176,"1""",2017-08-02,Badger,Model-634,SN102288,positive displacement,R3,
M-1177,"1339 School House Rd, Wiley, CO 81092",Resident 1177,A-20177,"1.5""",2015-09-24,Sensus,Model-286,SN102301,positive displacement,R4,
M-1178,"1346 Cemetery Rd, Wiley, CO 81092",Resident 1178,A-20178,"5/8""",2022-05-10,Neptune,Model-391,SN102314,positive displacement,R5,
M-1179,"1353 Grain Elevator Rd, Wiley, CO 81092",Resident 1179,A-20179,"1.5""",2020-07-19,Master Meter,Model-734,SN102327,positive displacement,R6,
M-1180,"1360 Main St, Wiley, CO 81092",Resident 1180,A-20180,"1.5""",2023-03-16,Badger,Model-806,SN102340,positive displacement,R1,
M-1181,"1367 County Rd 10, Wiley, CO 81092",Resident 1181,A-20181,"1.5""",2015-08-21,Sensus,Model-551,SN102353,positive displacement,R2,
M-1182,"1374 County Rd 14, Wiley, CO 81092",Resident 1182,A-20182,"1""",2023-11-14,Neptune,Model-253,SN102366,positive displacement,R3,
M-1183,"1381 Highway 287, Wiley, CO 81092",Resident 1183,A-20183,"5/8""",2023-03-12,Master Meter,Model-627,SN102379,positive displacement,R4,
M-1184,"1388 Maple Ave, Wiley, CO 81092",Resident 1184,A-20184,"3/4""",2023-06-10,Badger,Model-314,SN102392,positive displacement,R5,
M-1185,"1395 Oak St, Wiley, CO 81092",Resident 1185,A-20185,"3/4""",2013-03-23,Sensus,Model-656,SN102405,positive displacement,R6,
M-1186,"1402 Elm St, Wiley, CO 81092",Resident 1186,A-20186,"3/4""",2013-04-27,Neptune,Model-164,SN102418,positive displacement,R1,
M-1187,"1409 3rd Ave, Wiley, CO 81092",Resident 1187,A-20187,"3/4""",2014-10-05,Master Meter,Model-760,SN102431,positive displacement,R2,
M-1188,"1416 5th St, Wiley, CO 81092",Resident 1188,A-20188,"1""",2012-10-03,Badger,Model-160,SN102444,positive displacement,R3,
M-1189,"1423 Ranch Rd, Wiley, CO 81092",Resident 1189,A-20189,"5/8""",2018-02-17,Sensus,Model-350,SN102457,positive displacement,R4,
M-1190,"1430 Irrigation Ln, Wiley, CO 81092",Resident 1190,A-20190,"1""",2018-08-06,Neptune,Model-308,SN102470,positive displacement,R5,
M-1191,"1437 North Frontage, Wiley, CO 81092",New Occupant 1191,A-20191,"1.5""",2023-06-01,Master Meter,Model-645,SN102483,positive displacement,R6,
M-1192,"1444 South Loop, Wiley, CO 81092",Resident 1192,A-20192,"1.5""",2014-07-17,Badger,Model-823,SN102496,positive displacement,R1,
M-1193,"1451 Pioneer Rd, Wiley, CO 81092",Resident 1193,A-20193,"1.5""",2013-03-26,Sensus,Model-285,SN102509,positive displacement,R2,
M-1194,"1458 Cottonwood Dr, Wiley, CO 81092",Resident 1194,A-20194,"1.5""",2017-08-11,Neptune,Model-366,SN102522,positive displacement,R3,
M-1195,"1465 Sand Creek Rd, Wiley, CO 81092",Resident 1195,A-20195,"1""",2023-09-21,Master Meter,Model-372,SN102535,positive displacement,R4,
M-1196,"1472 Prairie View, Wiley, CO 81092",Resident 1196,A-20196,"3/4""",2019-07-05,Badger,Model-684,SN102548,positive displacement,R5,
M-1197,"1479 School House Rd, Wiley, CO 81092",Resident 1197,A-20197,"1""",2012-03-20,Sensus,Model-192,SN102561,positive displacement,R6,
M-1198,"1486 Cemetery Rd, Wiley, CO 81092",Resident 1198,A-20198,"1.5""",2020-07-22,Neptune,Model-667,SN102574,positive displacement,R1,
M-1199,"1493 Grain Elevator Rd, Wiley, CO 81092",Resident 1199,A-20199,"5/8""",2015-07-02,Master Meter,Model-662,SN102587,positive displacement,R2,
M-1200,"1500 Main St, Wiley, CO 81092",Resident 1200,A-20200,"1.5""",2014-02-21,Badger,Model-580,SN102600,positive displacement,R3,
M-1201,"1507 County Rd 10, Wiley, CO 81092",Resident 1201,A-20201,"5/8""",2014-08-22,Sensus,Model-320,SN102613,positive displacement,R4,
M-1202,"1514 County Rd 14, Wiley, CO 81092",Resident 1202,A-20202,"1.5""",2015-12-24,Neptune,Model-322,SN102626,positive displacement,R5,
M-1203,"1521 Highway 287, Wiley, CO 81092",Resident 1203,A-20203,"3/4""",2021-01-11,Master Meter,Model-286,SN102639,positive displacement,R6,
M-1204,"1528 Maple Ave, Wiley, CO 81092",Resident 1204,A-20204,"3/4""",2014-10-19,Badger,Model-729,SN102652,positive displacement,R1,
M-1205,"1535 Oak St, Wiley, CO 81092",Resident 1205,A-20205,"1.5""",2015-03-04,Sensus,Model-850,SN102665,positive displacement,R2,
M-1206,"1542 Elm St, Wiley, CO 81092",Resident 1206,A-20206,"1""",2018-11-28,Neptune,Model-699,SN102678,positive displacement,R3,
M-1207,"1549 3rd Ave, Wiley, CO 81092",Resident 1207,A-20207,"1""",2013-04-18,Master Meter,Model-663,SN102691,positive displacement,R4,
M-1208,"1556 5th St, Wiley, CO 81092",Resident 1208,A-20208,"3/4""",2014-03-11,Badger,Model-768,SN102704,positive displacement,R5,
M-1209,"1563 Ranch Rd, Wiley, CO 81092",Resident 1209,A-20209,"3/4""",2017-10-28,Sensus,Model-653,SN102717,positive displacement,R6,
M-1210,"1570 Irrigation Ln, Wiley, CO 81092",Resident 1210,A-20210,"1""",2015-09-10,Neptune,Model-373,SN102730,positive displacement,R1,
M-1211,"1577 North Frontage, Wiley, CO 81092",Resident 1211,A-20211,"5/8""",2018-08-24,Master Meter,Model-760,SN102743,positive displacement,R2,
M-1212,"1584 South Loop, Wiley, CO 81092",Resident 1212,A-20212,"1.5""",2019-04-06,Badger,Model-502,SN102756,positive displacement,R3,
M-1213,"1591 Pioneer Rd, Wiley, CO 81092",Resident 1213,A-20213,"3/4""",2016-01-19,Sensus,Model-440,SN102769,positive displacement,R4,
M-1214,"1598 Cottonwood Dr, Wiley, CO 81092",Resident 1214,A-20214,"1""",2016-10-26,Neptune,Model-893,SN102782,positive displacement,R5,
M-1215,"1605 Sand Creek Rd, Wiley, CO 81092",Resident 1215,A-20215,"5/8""",2019-03-15,Master Meter,Model-718,SN102795,positive displacement,R6,
M-1216,"1612 Prairie View, Wiley, CO 81092",Resident 1216,A-20216,"1.5""",2021-01-06,Badger,Model-684,SN102808,positive displacement,R1,
M-1217,"1619 School House Rd, Wiley, CO 81092",Resident 1217,A-20217,"1.5""",2014-02-06,Sensus,Model-156,SN102821,positive displacement,R2,
M-1218,"1626 Cemetery Rd, Wiley, CO 81092",Resident 1218,A-20218,"3/4""",2017-11-20,Neptune,Model-579,SN102834,positive displacement,R3,
M-1219,"1633 Grain Elevator Rd, Wiley, CO 81092",Resident 1219,A-20219,"1.5""",2020-12-04,Master Meter,Model-319,SN102847,positive displacement,R4,
M-1220,"1640 Main St, Wiley, CO 81092",Resident 1220,A-20220,"1""",2019-03-19,Badger,Model-671,SN102860,positive displacement,R5,
M-1221,"1647 County Rd 10, Wiley, CO 81092",Resident 1221,A-20221,"3/4""",2020-03-05,Sensus,Model-128,SN102873,positive displacement,R6,
M-1222,"1654 County Rd 14, Wiley, CO 81092",Resident 1222,A-20222,"5/8""",2022-03-26,Neptune,Model-473,SN102886,positive displacement,R1,
M-1223,"1661 Highway 287, Wiley, CO 81092",Resident 1223,A-20223,"5/8""",2018-09-07,Master Meter,Model-277,SN102899,positive displacement,R2,
M-1224,"1668 Maple Ave, Wiley, CO 81092",Resident 1224,A-20224,"5/8""",2012-05-25,Badger,Model-667,SN102912,positive displacement,R3,
M-1225,"1675 Oak St, Wiley, CO 81092",Resident 1225,A-20225,"1.5""",2019-09-17,Sensus,Model-618,SN102925,positive displacement,R4,
M-1226,"1682 Elm St, Wiley, CO 81092",Resident 1226,A-20226,"1.5""",2021-06-22,Neptune,Model-315,SN102938,positive displacement,R5,
M-1227,"1689 3rd Ave, Wiley, CO 81092",Resident 1227,A-20227,"1""",2023-11-17,Master Meter,Model-465,SN102951,positive displacement,R6,
M-1228,"1696 5th St, Wiley, CO 81092",Resident 1228,A-20228,"3/4""",2014-11-18,Badger,Model-503,SN102964,positive displacement,R1,
M-1229,"1703 Ranch Rd, Wiley, CO 81092",Resident 1229,A-20229,"5/8""",2012-04-01,Sensus,Model-384,SN102977,positive displacement,R2,
M-1230,"1710 Irrigation Ln, Wiley, CO 81092",Resident 1230,A-20230,"3/4""",2016-07-21,Neptune,Model-183,SN102990,positive displacement,R3,
M-1231,"1717 North Frontage, Wiley, CO 81092",Resident 1231,A-20231,"1""",2021-02-15,Master Meter,Model-168,SN103003,positive displacement,R4,
M-1232,"1724 South Loop, Wiley, CO 81092",Resident 1232,A-20232,"3/4""",2017-04-28,Badger,Model-845,SN103016,positive displacement,R5,
M-1233,"1731 Pioneer Rd, Wiley, CO 81092",Resident 1233,A-20233,"5/8""",2021-01-25,Sensus,Model-252,SN103029,positive displacement,R6,
M-1234,"1738 Cottonwood Dr, Wiley, CO 81092",Resident 1234,A-20234,"3/4""",2022-12-19,Neptune,Model-867,SN103042,positive displacement,R1,
M-1235,"1745 Sand Creek Rd, Wiley, CO 81092",Resident 1235,A-20235,"5/8""",2017-02-10,Master Meter,Model-303,SN103055,positive displacement,R2,
M-1236,"1752 Prairie View, Wiley, CO 81092",Resident 1236,A-20236,"1""",2019-11-28,Badger,Model-852,SN103068,positive displacement,R3,
M-1237,"1759 School House Rd, Wiley, CO 81092",Resident 1237,A-20237,"3/4""",2020-01-20,Sensus,Model-301,SN103081,positive displacement,R4,
M-1238,"1766 Cemetery Rd, Wiley, CO 81092",Resident 1238,A-20238,"1.5""",2012-08-03,Neptune,Model-315,SN103094,positive displacement,R5,
M-1239,"1773 Grain Elevator Rd, Wiley, CO 81092",Resident 1239,A-20239,"1.5""",2022-02-20,Master Meter,Model-217,SN103107,positive displacement,R6,
M-1240,"1780 Main St, Wiley, CO 81092",Resident 1240,A-20240,"1.5""",2014-01-21,Badger,Model-254,SN103120,positive displacement,R1,
M-1241,"1787 County Rd 10, Wiley, CO 81092",Resident 1241,A-20241,"3/4""",2023-02-07,Sensus,Model-261,SN103133,positive displacement,R2,
M-1242,"1794 County Rd 14, Wiley, CO 81092",Resident 1242,A-20242,"1.5""",2013-07-15,Neptune,Model-870,SN103146,positive displacement,R3,
M-1243,"1801 Highway 287, Wiley, CO 81092",Resident 1243,A-20243,"3/4""",2022-01-04,Master Meter,Model-720,SN103159,positive displacement,R4,
M-1244,"1808 Maple Ave, Wiley, CO 81092",Resident 1244,A-20244,"5/8""",2023-02-04,Badger,Model-491,SN103172,positive displacement,R5,Livestock
M-1245,"1815 Oak St, Wiley, CO 81092",Resident 1245,A-20245,"5/8""",2018-03-06,Sensus,Model-142,SN103185,positive displacement,R6,
M-1246,"1822 Elm St, Wiley, CO 81092",Resident 1246,A-20246,"5/8""",2013-08-05,Neptune,Model-840,SN103198,positive displacement,R1,
M-1247,"1829 3rd Ave, Wiley, CO 81092",Resident 1247,A-20247,"1.5""",2017-04-07,Master Meter,Model-737,SN103211,positive displacement,R2,
M-1248,"1836 5th St, Wiley, CO 81092",Resident 1248,A-20248,"3/4""",2023-01-10,Badger,Model-685,SN103224,positive displacement,R3,
M-1249,"1843 Ranch Rd, Wiley, CO 81092",Resident 1249,A-20249,"1.5""",2015-07-11,Sensus,Model-313,SN103237,positive displacement,R4,
M-1250,"1850 Irrigation Ln, Wiley, CO 81092",Resident 1250,A-20250,"5/8""",2020-11-06,Neptune,Model-566,SN103250,positive displacement,R5,
M-1251,"1857 North Frontage, Wiley, CO 81092",Resident 1251,A-20251,"1""",2022-09-04,Master Meter,Model-253,SN103263,positive displacement,R6,
M-1252,"1864 South Loop, Wiley, CO 81092",Resident 1252,A-20252,"3/4""",2016-02-03,Badger,Model-391,SN103276,positive displacement,R1,
M-1253,"1871 Pioneer Rd, Wiley, CO 81092",Resident 1253,A-20253,"1.5""",2012-11-17,Sensus,Model-243,SN103289,positive displacement,R2,
M-1254,"1878 Cottonwood Dr, Wiley, CO 81092",Resident 1254,A-20254,"5/8""",2017-10-22,Neptune,Model-434,SN103302,positive displacement,R3,
M-1255,"1885 Sand Creek Rd, Wiley, CO 81092",Resident 1255,A-20255,"3/4""",2014-10-10,Master Meter,Model-484,SN103315,positive displacement,R4,
M-1256,"1892 Prairie View, Wiley, CO 81092",Resident 1256,A-20256,"5/8""",2014-10-07,Badger,Model-817,SN103328,positive displacement,R5,
M-1257,"1899 School House Rd, Wiley, CO 81092",Resident 1257,A-20257,"1""",2017-12-13,Sensus,Model-167,SN103341,positive displacement,R6,
M-1258,"1906 Cemetery Rd, Wiley, CO 81092",Resident 1258,A-20258,"5/8""",2023-04-23,Neptune,Model-782,SN103354,positive displacement,R1,
M-1259,"1913 Grain Elevator Rd, Wiley, CO 81092",Resident 1259,A-20259,"1""",2021-03-25,Master Meter,Model-811,SN103367,positive displacement,R2,
M-1260,"1920 Main St, Wiley, CO 81092",Resident 1260,A-20260,"1.5""",2021-01-25,Badger,Model-199,SN103380,positive displacement,R3,
M-1261,"1927 County Rd 10, Wiley, CO 81092",Resident 1261,A-20261,"1.5""",2015-02-05,Sensus,Model-382,SN103393,positive displacement,R4,
M-1262,"1934 County Rd 14, Wiley, CO 81092",Resident 1262,A-20262,"1.5""",2015-06-18,Neptune,Model-434,SN103406,positive displacement,R5,
M-1263,"1941 Highway 287, Wiley, CO 81092",Resident 1263,A-20263,"1""",2020-07-10,Master Meter,Model-880,SN103419,positive displacement,R6,
M-1264,"1948 Maple Ave, Wiley, CO 81092",Resident 1264,A-20264,"3/4""",2014-01-09,Badger,Model-176,SN103432,positive displacement,R1,
M-1265,"1955 Oak St, Wiley, CO 81092",Resident 1265,A-20265,"3/4""",2023-01-05,Sensus,Model-593,SN103445,positive displacement,R2,
M-1266,"1962 Elm St, Wiley, CO 81092",Resident 1266,A-20266,"1.5""",2012-02-12,Neptune,Model-728,SN103458,positive displacement,R3,
M-1267,"1969 3rd Ave, Wiley, CO 81092",Resident 1267,A-20267,"1.5""",2014-04-18,Master Meter,Model-606,SN103471,positive displacement,R4,
M-1268,"1976 5th St, Wiley, CO 81092",Resident 1268,A-20268,"5/8""",2016-03-20,Badger,Model-734,SN103484,positive displacement,R5,
M-1269,"1983 Ranch Rd, Wiley, CO 81092",Resident 1269,A-20269,"1.5""",2012-12-24,Sensus,Model-187,SN103497,positive displacement,R6,
M-1270,"1990 Irrigation Ln, Wiley, CO 81092",Resident 1270,A-20270,"1.5""",2018-10-01,Neptune,Model-522,SN103510,positive displacement,R1,
M-1271,"1997 North Frontage, Wiley, CO 81092",Resident 1271,A-20271,"3/4""",2015-03-28,Master Meter,Model-388,SN103523,positive displacement,R2,
M-1272,"2004 South Loop, Wiley, CO 81092",Resident 1272,A-20272,"5/8""",2020-06-11,Badger,Model-367,SN103536,positive displacement,R3,
M-1273,"2011 Pioneer Rd, Wiley, CO 81092",Resident 1273,A-20273,"5/8""",2014-04-23,Sensus,Model-827,SN103549,positive displacement,R4,
M-1274,"2018 Cottonwood Dr, Wiley, CO 81092",Resident 1274,A-20274,"5/8""",2016-04-02,Neptune,Model-227,SN103562,positive displacement,R5,
M-1275,"2025 Sand Creek Rd, Wiley, CO 81092",Resident 1275,A-20275,"1""",2012-07-16,Master Meter,Model-677,SN103575,positive displacement,R6,
M-1276,"2032 Prairie View, Wiley, CO 81092",Resident 1276,A-20276,"1.5""",2022-06-14,Badger,Model-415,SN103588,positive displacement,R1,
M-1277,"2039 School House Rd, Wiley, CO 81092",Resident 1277,A-20277,"5/8""",2021-06-15,Sensus,Model-704,SN103601,positive displacement,R2,
M-1278,"2046 Cemetery Rd, Wiley, CO 81092",Resident 1278,A-20278,"1""",2022-06-10,Neptune,Model-535,SN103614,positive displacement,R3,
M-1279,"2053 Grain Elevator Rd, Wiley, CO 81092",Resident 1279,A-20279,"3/4""",2014-05-16,Master Meter,Model-208,SN103627,positive displacement,R4,
M-1280,"2060 Main St, Wiley, CO 81092",Resident 1280,A-20280,"1""",2014-08-14,Badger,Model-102,SN103640,positive displacement,R5,
M-1281,"2067 County Rd 10, Wiley, CO 81092",Resident 1281,A-20281,"5/8""",2013-09-02,Sensus,Model-887,SN103653,positive displacement,R6,
M-1282,"2074 County Rd 14, Wiley, CO 81092",Resident 1282,A-20282,"5/8""",2013-01-07,Neptune,Model-127,SN103666,positive displacement,R1,
M-1283,"2081 Highway 287, Wiley, CO 81092",Resident 1283,A-20283,"1.5""",2023-09-08,Master Meter,Model-202,SN103679,positive displacement,R2,
M-1284,"2088 Maple Ave, Wiley, CO 81092",Resident 1284,A-20284,"1.5""",2019-05-25,Badger,Model-192,SN103692,positive displacement,R3,
M-1285,"2095 Oak St, Wiley, CO 81092",Resident 1285,A-20285,"3/4""",2019-07-17,Sensus,Model-143,SN103705,positive displacement,R4,
M-1286,"2102 Elm St, Wiley, CO 81092",Resident 1286,A-20286,"5/8""",2020-09-04,Neptune,Model-844,SN103718,positive displacement,R5,
M-1287,"2109 3rd Ave, Wiley, CO 81092",Resident 1287,A-20287,"1""",2022-08-04,Master Meter,Model-251,SN103731,positive displacement,R6,
M-1288,"2116 5th St, Wiley, CO 81092",Resident 1288,A-20288,"5/8""",2021-12-04,Badger,Model-450,SN103744,positive displacement,R1,
M-1289,"2123 Ranch Rd, Wiley, CO 81092",Resident 1289,A-20289,"5/8""",2023-08-03,Sensus,Model-300,SN103757,positive displacement,R2,
M-1290,"2130 Irrigation Ln, Wiley, CO 81092",Resident 1290,A-20290,"5/8""",2020-07-15,Neptune,Model-204,SN103770,positive displacement,R3,
M-1291,"2137 North Frontage, Wiley, CO 81092",Resident 1291,A-20291,"5/8""",2015-08-23,Master Meter,Model-334,SN103783,positive displacement,R4,
M-1292,"2144 South Loop, Wiley, CO 81092",Resident 1292,A-20292,"5/8""",2017-01-27,Badger,Model-394,SN103796,positive displacement,R5,
M-1293,"2151 Pioneer Rd, Wiley, CO 81092",Resident 1293,A-20293,"1""",2017-08-10,Sensus,Model-304,SN103809,positive displacement,R6,
M-1294,"2158 Cottonwood Dr, Wiley, CO 81092",Resident 1294,A-20294,"3/4""",2018-02-23,Neptune,Model-301,SN103822,positive displacement,R1,
M-1295,"2165 Sand Creek Rd, Wiley, CO 81092",Resident 1295,A-20295,"5/8""",2012-10-14,Master Meter,Model-286,SN103835,positive displacement,R2,
M-1296,"2172 Prairie View, Wiley, CO 81092",Resident 1296,A-20296,"1""",2017-08-14,Badger,Model-820,SN103848,positive displacement,R3,
M-1297,"2179 School House Rd, Wiley, CO 81092",Resident 1297,A-20297,"1""",2018-08-01,Sensus,Model-309,SN103861,positive displacement,R4,
M-1298,"2186 Cemetery Rd, Wiley, CO 81092",Resident 1298,A-20298,"5/8""",2013-06-07,Neptune,Model-787,SN103874,positive displacement,R5,
M-1299,"2193 Grain Elevator Rd, Wiley, CO 81092",Resident 1299,A-20299,"1.5""",2015-03-27,Master Meter,Model-550,SN103887,positive displacement,R6,
M-1300,"2200 Main St, Wiley, CO 81092",Resident 1300,A-20300,"1.5""",2016-07-14,Badger,Model-252,SN103900,positive displacement,R1,
